DISTRICTWISE Ground water Level (in m.) Report (<ALL AGENCIES> - <2012> to <2020>),,,,,,,,,,
,,2012,2013,2014,2015,2016,2017,2018,2019,2020
STATE,DISTRICT,Level (m),Level (m),Level (m),Level (m),Level (m),Level (m),Level (m),Level (m),Level (m)
MADHYA PRADESH,JHABUA,10.4,12.56,9.64,9.16,9.3,10.28,9.79,3.6,-
JAMMU & KASHMIR,JAMMU,7.47,5.98,5.49,6.99,6.95,7.33,6.96,2.42,-
BIHAR,DARBHANGA,4.29,4.48,4.44,5.59,3.93,4.19,5.27,2.91,-
BIHAR,SHEOHAR,3.67,3.44,2.76,5.68,4.04,3.98,5.99,2.19,-
MIZORAM,LUNGLEI,-,-,-,-,-,-,-,-,-
MADHYA PRADESH,MORENA,16.5,13.66,16.98,19.05,16.64,17.56,17.31,3.82,-
GUJARAT,NARMADA,10.68,10.54,11.19,10.69,10.02,11.49,10.85,6.53,-
RAJASTHAN,ALWAR,25.34,26.67,28.89,29.76,33.61,33.05,36.79,32.76,-
ASSAM,SONITPUR,4.05,4.39,4.4,4.26,4.62,4.39,4.19,3.19,-
TAMILNADU,CUDDALORE,7.28,18.96,13.34,10.1,17.69,35.57,18.78,15.84,-
CHHATTISGARH,JANJGIR-CHAMPA,5.42,7.34,10.37,7.97,5.81,8.67,7.95,3.56,-
ODISHA,GANJAM,5.08,4.16,4.29,4.05,5.06,4.1,3.15,2.2,-
ASSAM,TINSUKIA,4.18,3.13,2,3.26,2.77,2.27,2.82,2.22,-
ANDHRA PRADESH,ANANTAPUR,17,17.53,22.48,18.89,25.53,16.73,22.76,18.97,22.18
ANDHRA PRADESH,KURNOOL,11.77,9.06,10.77,15.07,13.54,9.62,12.83,9.75,9.3
ODISHA,PURI,4.21,4.16,3.75,4.34,4.24,3.51,3.26,1.72,-
GUJARAT,VADODARA,14.77,12.79,13.83,13.91,14.38,13.92,16.02,10.51,-
MIZORAM,MAMIT,-,-,-,-,-,-,-,-,-
MEGHALAYA,WEST GARO HILLS,3.95,4.24,4.04,4.02,4.09,3.91,4.53,2.63,-
NAGALAND,PHEK,5.75,8.79,4.59,5.07,2.83,-,-,-,-
WEST BENGAL,KOCH BIHAR,3.62,4.08,3.2,3.66,3.38,2.63,2.48,2.63,-
MAHARASHTRA,BHANDARA,9.11,7.4,8.26,9.73,9.93,9.8,9.78,5.03,-
WEST BENGAL,MURSHIDABAD,10.43,10.48,9.34,9.54,8.53,8.46,8.71,3.6,-
TAMILNADU,TIRUVANNAMALAI,7.84,9.93,13.77,14.14,9.55,7.19,8.82,4.97,-
DADRA AND NAGAR HAV,DADRA & NAGAR HAVELI,4.68,6.86,8.44,8.87,8.45,8.17,10.31,2.91,-
BIHAR,BHAGALPUR,6.66,6.11,6.27,6.95,7.72,6.63,6.99,3.16,-
GUJARAT,AMRELI,14.19,14.82,14.01,15.15,14.34,16.06,15.69,7.23,-
RAJASTHAN,NAGAUR,38.42,38.06,36.63,35.66,36.07,47.84,48,40.56,-
GOA,SOUTH GOA,7.22,7.14,6.35,7.07,5.86,6.7,6.13,4.77,-
MAHARASHTRA,CHANDRAPUR,7.56,6.93,7.65,7.36,6.93,7.75,8.66,3.88,-
LAKSHDWEEP,LAKSHADWEEP,-,-,-,-,-,-,-,-,-
UTTAR PRADESH,ALIGARH,7.42,6.81,7.32,7.41,7.96,9.42,13.13,16.75,19.98
MANIPUR,UKHRUL,-,-,-,-,-,-,-,-,-
TAMILNADU,TIRUCHIRAPPALLI,9.9,9.14,13.67,12.39,10.76,9.25,10.76,7.1,-
ODISHA,NUAPADA,5.48,4.92,5.28,5.77,5.99,4.93,4.85,3.14,-
MADHYA PRADESH,RAJGARH,12.77,11.67,11.57,13.05,10.74,12.69,13.42,3.57,-
UTTAR PRADESH,BAHRAICH,4.87,5.99,4.92,4.82,4.53,4.57,4.5,12.86,20.43
UTTAR PRADESH,GORAKHPUR,4.82,4.65,4.14,5.88,5.65,5.57,5.5,11.33,7.77
ASSAM,DHUBRI,8.3,8.08,7.95,9.81,6.82,10.44,8.25,8.21,-
RAJASTHAN,AJMER,9.98,11.01,8.58,11.13,9.16,10.68,12.24,5.09,-
RAJASTHAN,JHUNJHUNUN,55.17,49.33,55.26,60.5,59.81,62.08,57.24,57.8,-
JHARKHAND,DHANBAD,6.89,7.08,4.86,6.48,6.85,6.65,6.37,3.03,-
UTTAR PRADESH,ETAWAH,10.59,12.58,11.41,11.74,11.83,13.59,16.33,24.89,20.42
MAHARASHTRA,PUNE,7.05,5.88,6.1,7.3,6.87,6.36,7.68,6.74,-
SIKKIM,EAST,-,-,-,-,-,-,-,-,-
NAGALAND,WOKHA,6.75,8.37,4.67,6.04,3.93,-,-,-,-
PUNJAB,SHAHID BHAGAT SINGH NAGAR,17.15,16.11,15.99,18.33,20.33,21.07,19.02,17.55,-
MADHYA PRADESH,BHOPAL,11.93,11.64,11.11,8.82,12.53,13.13,12.09,3.58,-
UTTAR PRADESH,JHANSI,7.02,6.07,5.91,7.34,7.66,8.23,7.25,28.83,23.13
KARNATAKA,BELLARY,10.69,9.19,8.67,6.72,8.32,9.86,10.78,4.39,-
PUNJAB,BATHINDA,12.89,12.66,13.38,13.93,15.28,15.63,16.47,17.48,-
RAJASTHAN,PALI,13.52,14.2,11.96,12.95,9.74,10.35,12.15,6.92,-
ASSAM,JORHAT,2.99,3.32,2.72,2.53,3.38,2.34,2.73,1.46,-
MAHARASHTRA,OSMANABAD,11,10,9.11,10.63,10.49,8.12,11.2,3.64,-
ARUNACHAL PRADESH,EAST SIANG,4.16,7.71,7.72,7.55,8.82,9.15,5.25,5.79,-
JAMMU & KASHMIR,KATHUA,5.56,5.28,4.5,5.44,5.36,6.93,6.34,1.18,-
ODISHA,MALKANGIRI,3.78,4.66,4.85,4.34,5.26,5.2,4.81,1.83,-
ASSAM,KARBI ANGLONG,3.98,4.34,5.14,6.17,5.66,5.52,5.06,3.06,-
DAMAN & DIU,DIU,8.34,9.55,5.36,6.3,5.86,6.87,5.91,4.84,-
ODISHA,JAGATSINGHAPUR,3.37,3.37,2.77,3.4,2.81,3,2.84,1.58,-
MAHARASHTRA,YAVATMAL,6.99,6.5,7.73,9.51,8.52,9.04,8.68,3.99,-
ODISHA,BALANGIR,5.44,4.6,5.47,5.4,5.64,4.32,4.79,3.02,-
RAJASTHAN,HANUMANGARH,18.7,20.35,18.11,18.59,18.08,17.44,17.77,17.74,-
TELANGANA,NIZAMABAD,5.76,5.05,7.68,11.23,8.29,13.33,15.85,9.51,-
BIHAR,NALANDA,5.36,5.15,5.51,6.88,5.84,6.3,6.89,4.18,-
UTTAR PRADESH,KUSHINAGAR,4.33,4.18,3.44,5.18,4.38,4.47,3.1,11.37,6.76
UTTAR PRADESH,JALAUN,9.87,8.68,8.4,10.11,10.11,10.25,9.77,26.36,19.56
HARYANA,AMBALA,22.64,21.99,13.9,16.96,22.56,13.75,15.24,17.12,-
MADHYA PRADESH,WEST NIMAR,10.27,9.46,9.79,9.42,9.4,9.49,10.45,3.6,-
NAGALAND,ZUNHEBOTO,5.35,8.65,3.98,5.22,2.78,-,-,-,-
MADHYA PRADESH,NEEMUCH,12.65,9.68,11.73,17.22,11.4,11.65,11.83,3.59,-
UTTAR PRADESH,GONDA,4.09,3.81,3.78,5.31,5.45,5.47,5.1,13.21,13.98
MAHARASHTRA,SOLAPUR,11.15,9.57,8.09,10.74,9.7,8.4,11.19,3.58,-
ODISHA,BHADRAK,6.43,5.44,4.17,4.42,3.66,3.29,3.67,0.89,-
UTTAR PRADESH,GAUTAM BUDDHA NAGAR,12.7,12.75,13.54,14.95,12.78,15.58,16.84,17.12,20.7
UTTAR PRADESH,VARANASI,12.17,11.52,8.97,11.3,11.57,11.6,10.62,10.83,11.65
GUJARAT,RAJKOT,10.67,8.91,10.77,10.77,10.52,11.32,10.94,4,-
ODISHA,CUTTACK,4.43,4.07,4.03,4.78,4.9,4.54,3.88,2.08,-
MADHYA PRADESH,REWA,11.38,9.97,10.27,10.76,12.22,12.55,11.01,4.11,-
KARNATAKA,CHITRADURGA,14.45,11.19,11.57,8.49,10.44,12.91,15.99,5.03,-
UTTAR PRADESH,CHANDAULI,5.84,5.42,3.6,7.15,7.04,7.52,7.56,10.86,11.71
ODISHA,ANUGUL,6.53,5.87,6.19,7.16,6.61,6.62,5.98,3.36,-
UTTAR PRADESH,AMBEDKAR NAGAR,5.29,5.41,5.23,6.36,6.05,6.08,6.4,11.12,9.58
KARNATAKA,MYSORE,10.97,9.33,8.05,9.01,9.14,8.61,7.67,5.62,-
TAMILNADU,THANJAVUR,6.74,6.12,11.01,10.03,6.07,6.87,6.09,3.02,-
GUJARAT,NAVSARI,8.47,7.7,8.15,8.49,8.89,9.57,6.64,2.44,-
UTTAR PRADESH,JYOTIBA PHULE NAGAR,10.6,10.25,12.15,12.94,13.6,13.92,12.95,15.14,18.36
ARUNACHAL PRADESH,ANJAW,4.44,3.79,3.51,3.23,4.05,5.23,4.65,3.5,-
SIKKIM,NORTH,-,-,-,-,-,-,-,-,-
MEGHALAYA,EAST KHASI HILLS,1.94,3.5,1.58,1.53,0.88,1.67,1.33,1.03,-
KARNATAKA,HASSAN,10.45,8.77,8.09,9.14,9.44,11.19,11.48,6.41,-
BIHAR,SUPAUL,2.98,3.11,3.05,2.82,3.07,2.9,3.41,2.26,-
GUJARAT,BHARUCH,8.79,7.8,11.57,8.58,7.91,8.69,8.23,4.51,-
MADHYA PRADESH,TIKAMGARH,8.58,5.97,7.82,9.64,10.18,10.84,8.64,4.28,-
MANIPUR,CHANDEL,-,-,-,-,-,-,-,-,-
PUNJAB,AMRITSAR,12.98,12.78,13.37,13.5,13.85,14.89,14.44,14.98,-
MAHARASHTRA,NAGPUR,8.37,6.57,7.93,8.84,9.25,9.19,9.29,5.54,-
NAGALAND,TUENSANG,5.17,8.57,4.15,4.59,2.62,-,-,-,-
KARNATAKA,DAVANAGERE,8.41,7.07,6.83,7.22,9.54,7.83,10.5,4.74,-
HIMACHAL PRADESH,MANDI,4.45,4.24,3.75,4.05,4.77,4.62,4.53,3.55,-
MADHYA PRADESH,BETUL,9.18,11.29,9.87,10.59,11.03,9.86,10.72,3.64,-
UTTAR PRADESH,AZAMGARH,5.94,5.3,5.62,6.76,5.92,6.28,6.39,10.83,11.35
GUJARAT,PANCH MAHALS,8.61,7.79,11.59,11.32,10.41,10.42,10.35,4.68,-
UTTAR PRADESH,BAGHPAT,16.65,16.16,14.87,16.06,13.11,16.35,13.76,17.51,19.76
BIHAR,JAMUI,7.47,8.46,9.28,8.26,7.82,8.43,8.89,4.6,-
ARUNACHAL PRADESH,PAPUM PARE,5.13,6.42,7.19,7.16,7.85,7.3,6.15,5.45,-
UTTARAKHAND,DEHRADUN,19.14,10.84,13.28,13.05,12.41,12.66,12.52,12.33,-
KERALA,THRISSUR,7.31,6.97,6.7,6.9,7.5,7.18,7.29,1.86,-
PUNJAB,JALANDHAR,21.72,20.56,20.88,23.12,25.04,24.69,23.72,24.59,-
MANIPUR,IMPHAL EAST,-,-,-,-,-,-,-,-,-
MADHYA PRADESH,DAMOH,12.03,9.31,10.13,5.9,12.12,12.17,10.7,4.48,-
MANIPUR,TAMENGLONG,-,-,-,-,-,-,-,-,-
GUJARAT,BANAS KANTHA,42.18,49.28,43.97,43.36,43.32,44.42,49.73,42.95,-
GOA,NORTH GOA,6.4,6.2,6.34,5.67,3.83,5.04,5.44,3.41,-
CHHATTISGARH,SURGUJA,5.32,6.49,9.68,9.27,8.82,8.37,8.1,3.71,-
HARYANA,HISAR,8.45,8.16,7.88,8.44,8.85,8.64,10.4,7.94,-
UTTARAKHAND,TEHRI GARHWAL,15.78,11.84,15.67,14.98,13.27,16.05,11.99,12.16,-
HARYANA,JIND,12.8,11.74,13.5,13.85,13.42,14.88,15.09,13.68,-
SIKKIM,SOUTH,-,-,-,-,-,-,-,-,-
MIZORAM,CHAMPHAI,-,-,-,-,-,-,-,-,-
ANDHRA PRADESH,VIZIANAGARAM,5.92,6.27,6.42,6.74,7.54,6.62,7.57,6.28,6.16
ARUNACHAL PRADESH,CHANGLANG,4.67,3.64,3.69,3.46,3.55,3.76,4.81,3.22,-
GUJARAT,GANDHINAGAR,69.69,77.53,68.56,69.09,70.13,70.76,75.71,69.54,-
BIHAR,SITAMARHI,3.74,3.63,3.37,4.97,3.55,3.47,4.25,2.5,-
JHARKHAND,CHATRA,9.2,9.27,7.87,9.12,9.37,9.09,11.07,6.37,-
WEST BENGAL,BANKURA,6.21,5.65,5.94,7.33,6.36,5.77,5.7,6.46,-
UTTAR PRADESH,PILIBHIT,4.18,4.28,4.25,4.52,4.27,4.57,4.37,12.37,22.89
TELANGANA,KHAMMAM,1.67,1.77,1.6,2.44,3.02,6.66,8.81,6.7,-
RAJASTHAN,BHARATPUR,11.56,13.18,13.48,15.04,14.3,15.81,15.55,14.59,-
JHARKHAND,PURBI SINGHBHUM,10.39,7.46,7.62,8.74,9.23,7.34,5.97,2.87,-
KARNATAKA,TUMKUR,16.5,15.3,13.23,5.96,7.85,11.58,16.37,5.51,-
WEST BENGAL,DAKSHIN DINAJPUR,8.19,8.86,6.88,8.97,5.63,6.84,6.37,2.77,-
WEST BENGAL,DARJILING,5.36,5.64,5.01,5.72,5.59,4.28,5,1.82,-
PUNJAB,SANGRUR,28.54,27.49,29.14,29.55,31.5,32.96,33.42,34.43,-
HARYANA,JHAJJAR,7.06,6.02,6.12,6.24,5.28,6.28,5.3,4.84,-
PUNJAB,BARNALA,25.16,26.12,26.63,28.85,30.45,32.14,33.79,35.41,-
RAJASTHAN,DUNGARPUR,7.95,8.59,7.16,8.86,7.91,9.21,7.94,2.13,-
ANDHRA PRADESH,WEST GODAVARI,15.33,14.94,17.55,19.54,20.56,15.15,15.68,19.24,20.74
MAHARASHTRA,DHULE,11.34,8.14,8.5,10.04,8.78,9.36,12.17,8.31,-
MAHARASHTRA,NANDED,8.34,6.98,9.54,10.71,9.5,9.85,9.65,3.84,-
MADHYA PRADESH,RAISEN,9.92,8.92,9.2,9.04,9.95,9.96,11.03,3.77,-
TAMILNADU,THIRUVALLUR,5.53,5.52,11.46,12.95,5.49,5.67,12.89,4.17,-
JHARKHAND,KODARMA,8.09,6.68,4.31,7.25,8.47,7.2,8.51,4.78,-
TAMILNADU,SALEM,12.03,16.4,16.08,16.18,14.84,11.57,13.49,7.47,-
UTTAR PRADESH,MAHARAJGANJ,4.08,3.61,3.33,4.41,4.36,4.56,4.08,11.52,9.14
HARYANA,KURUKSHETRA,31.65,30.68,33.86,33.66,35.64,36.76,45.76,35.84,-
WEST BENGAL,NORTH 24 PARGANAS,6.36,6.45,6.29,6.43,7.65,6.58,6.45,4.94,-
MADHYA PRADESH,SHIVPURI,11.01,9.53,11.08,10.36,12.31,13.09,11.13,3.59,-
MAHARASHTRA,BULDANA,12.29,9.15,10.18,11.54,12.04,11.6,12.6,8.17,-
TAMILNADU,PUDUKKOTTAI,6.38,7.08,9.93,10.11,7.57,8.21,8.82,3.51,-
RAJASTHAN,GANGANAGAR,14.29,14.57,13.95,13.26,13.88,13.62,13.06,13.4,-
KERALA,ALAPPUZHA,4.23,4.18,4.24,3.35,3.93,3.85,3.91,2.19,-
JHARKHAND,RAMGARH,7.5,7.12,5.2,7.68,7.33,6.68,7.53,2.71,-
JHARKHAND,GODDA,9.27,7.72,7.4,7.93,8.22,7.25,6.72,3.91,-
UTTAR PRADESH,BASTI,4.31,3.91,4.08,5.12,5.06,5.2,5.15,11.43,6.86
ODISHA,KENDRAPARA,4.03,3.88,2.98,3.38,2.84,3.07,2.93,1.54,-
UTTARAKHAND,UDHAM SINGH NAGAR,6.12,7.8,5.82,5.53,6.05,8.59,7.53,6.03,-
ASSAM,GOLAGHAT,4.65,4.34,5.32,5.14,5.21,4.15,5.47,3.21,-
JAMMU & KASHMIR,UDHAMPUR,4.07,2.42,2.51,4.07,3.62,5.06,3.46,1.33,-
KARNATAKA,UTTARA KANNADA,9.77,7.77,7.77,8.1,8.06,8.07,9.03,4.14,-
UTTAR PRADESH,CHITRAKOOT,10.92,8.87,11.38,12.92,10.52,9.93,13.64,15,17.24
UTTAR PRADESH,SAHARANPUR,8.63,9.51,9.13,10.09,10.85,10.65,9.54,15.98,20.5
ODISHA,RAYAGADA,5.38,5.35,4.48,5.74,6.01,5.15,4.95,2.75,-
UTTAR PRADESH,SANT KABIR NAGAR,4.25,4.16,4.04,5.31,5.35,4.98,5.37,11.36,7.13
HARYANA,SIRSA,16.2,15.18,16.09,16.89,13.18,15.42,18.98,11.84,-
UTTAR PRADESH,SONBHADRA,8.5,8.07,5.68,8.11,7.29,9.11,9.29,10.91,12.56
TRIPURA,NORTH TRIPURA,5.34,5.31,4.46,4.35,4.53,4.47,3.24,3.14,-
MIZORAM,SERCHHIP,-,-,-,-,-,-,-,-,-
ASSAM,DIBRUGARH,4.12,3.94,3.04,3.95,3.42,3.5,3.87,2.85,-
KARNATAKA,DHARWAD,12.63,10.74,10.1,11.28,10.96,8.31,9.91,3.91,-
MADHYA PRADESH,DEWAS,13.46,11.15,13.79,11.59,13.76,14.02,13.89,3.59,-
WEST BENGAL,PURULIYA,6.34,5.6,6.07,7.79,6.37,5.91,5.89,6.22,-
GUJARAT,MAHESANA,42.52,52.96,39.71,36.45,39.08,41.86,42.63,37.5,-
ANDHRA PRADESH,EAST GODAVARI,8.27,8.2,9.15,9.78,9.29,8.77,8.89,8.51,9.08
HARYANA,SONIPAT,9.95,9.91,10.61,11.21,12.53,12.17,12.3,12.31,-
JHARKHAND,JAMTARA,7.03,6.22,6.05,6.99,6.64,7.62,7.49,3.27,-
HARYANA,ROHTAK,3.8,3.74,3.56,4.41,4.58,3.11,3.1,4.07,-
UTTAR PRADESH,AGRA,9.93,13.92,13.16,20.45,20.57,25.59,30.1,29.97,30.31
NAGALAND,MOKOKCHUNG,5,8.34,4,4.21,2.62,-,-,-,-
UTTAR PRADESH,MORADABAD,10.1,8.49,10.21,11.06,11.45,12,10.85,13.5,18.43
MAHARASHTRA,SATARA,7.98,7.26,6.69,8.63,8.35,6.23,8.49,3.92,-
PUNJAB,RUPNAGAR,9.81,9.38,10.49,10.61,12.26,15.27,13.45,9.67,-
CHHATTISGARH,KABEERDHAM,5.41,7.42,6.41,8.63,11.04,9.48,7.07,3.19,-
DELHI,EAST,8.67,9.13,10.25,10.73,11.17,10.41,11.81,11.91,-
ASSAM,KAMRUP METROPOLITAN,4.85,3.24,3.85,3.93,3.62,3.33,3.15,2.64,-
WEST BENGAL,PURBA MEDINIPUR,13.96,13.37,13.78,12.56,12.41,14.63,11.3,6.28,-
WEST BENGAL,MALDAH,8.36,7.19,7.13,7.54,5.63,5.68,5.47,2.65,-
MADHYA PRADESH,INDORE,15.52,14.97,15.07,16.6,16.8,17.59,16.79,3.59,-
UTTAR PRADESH,MEERUT,10.21,10.2,11.27,11.36,12.67,13.41,12.46,16.74,20.38
JAMMU & KASHMIR,ANANTNAG,9.79,8.15,7.51,10.39,7.73,7.69,10.44,6.65,-
JHARKHAND,DEOGHAR,8.1,6.63,7.2,8.33,7.96,7.81,8.76,2.95,-
RAJASTHAN,KARAULI,13.75,12.41,14.4,15.47,15.51,16.74,15.88,14.93,-
BIHAR,PURBA CHAMPARAN,4.62,3.3,3.85,4.14,3.84,4.34,4.82,2.35,-
JHARKHAND,SARAIKELA-KHARSAWAN,7.82,7.19,6.67,7.39,8.01,6.99,7.29,2.9,-
KARNATAKA,RAICHUR,9.38,5.07,4.9,6.05,7.06,5.53,6.88,4.25,-
MADHYA PRADESH,ANUPPUR,7.53,6.87,6.86,8.33,7.32,7.65,8.3,4.09,-
ODISHA,JAJAPUR,6.71,5.52,5.08,5.56,4.82,4.77,3.77,2.31,-
GUJARAT,THE DANGS,6.22,6.34,9.18,6.4,6.45,6.15,6.22,1.31,-
MAHARASHTRA,AMRAVATI,10.6,9.41,8.71,11.64,10.28,11.42,12.49,7.12,-
KERALA,IDUKKI,6.01,5.9,5.22,6.01,6,6.01,4.6,1.48,-
UTTARAKHAND,BAGESHWAR,31.36,34.24,28.03,20.78,20.42,35.19,33.3,27.17,-
UTTARAKHAND,RUDRAPRAYAG,15.53,12.25,15.36,15.29,13.36,18.44,15.44,15.16,-
ASSAM,BAKSA,3.4,3.16,2.43,4.01,3.83,3.24,2.89,3.2,-
RAJASTHAN,BIKANER,46.92,45.26,45.73,39.03,40.84,41.17,44.6,40.38,-
JHARKHAND,GIRIDIH,8.09,6.64,7.28,8.43,9.44,9.12,9.26,3.18,-
TELANGANA,MAHBUBNAGAR,6.91,5.19,10.37,12.18,10.47,12.91,14.93,9.99,-
UTTARAKHAND,NAINITAL,23.42,24.46,18.66,12.45,13.08,24.55,29.45,26.03,-
UTTAR PRADESH,LUCKNOW,10.84,11.36,11.71,13.83,14.67,14.39,13.85,12.94,15.26
DELHI,WEST,11.29,11.75,13.11,14.22,12.96,14.54,13.4,11.98,-
MEGHALAYA,RI BHOI,2.25,3.13,1.38,2.21,1.64,2.41,2.75,1.7,-
MAHARASHTRA,GONDIYA,8.03,6.46,7.6,8.64,8.49,9.07,8.67,5.28,-
MAHARASHTRA,JALNA,11.3,8.41,11.52,13.43,10.09,9.75,12.81,6.74,-
TAMILNADU,COIMBATORE,11.38,17.58,9.66,12.81,17.68,20.56,16.27,10,-
PUNJAB,MANSA,11.27,11.21,11.71,12.33,13.77,14.16,14.3,16.71,-
ASSAM,KOKRAJHAR,7.58,7.78,7.05,8.75,6.11,8.08,7.5,7.5,-
BIHAR,VAISHALI,5.8,6.38,5.88,6.94,7.01,6.97,7.64,3.43,-
MADHYA PRADESH,VIDISHA,11.27,9.58,10.16,10.98,10.71,10.85,11.16,3.57,-
HARYANA,FATEHABAD,22.15,23.26,19.38,11.44,19.76,21.13,23,8.03,-
JHARKHAND,SAHIBGANJ,7.69,6.1,6.18,7.69,7.21,6.56,6.56,3.06,-
HIMACHAL PRADESH,UNA,7,5.55,5.88,6.77,7.05,6.49,5.73,4.41,-
MADHYA PRADESH,CHHATARPUR,9.62,6.74,9.24,11.2,9.92,10.92,10.03,4.16,-
KARNATAKA,BAGALKOT,14.93,10.44,8.73,8.85,8.67,8.63,10.02,3.68,-
NAGALAND,KIPHIRE,5.29,8.83,4.27,5.17,2.81,-,-,-,-
ASSAM,KAMRUP,3.72,3.56,3.61,4.24,3.77,3.66,3.33,2.3,-
HARYANA,GURGAON,23.42,23.01,23.93,24.13,22.79,26.08,27.46,25.35,-
MADHYA PRADESH,SHAHDOL,8.51,7.97,8.62,9.82,8.76,9.47,8.67,4.1,-
ASSAM,DIMA HASAO,4.02,3.97,5.88,6,5.71,4.78,5.87,3.27,-
BIHAR,JEHANABAD,5.18,5.82,5.43,5.57,4.92,5.33,5.79,3.38,-
TAMILNADU,SIVAGANGA,6.37,7.62,6.98,10.07,9.26,10.27,10.4,7.69,-
UTTAR PRADESH,FATEHPUR,9.69,9.12,9.2,9.52,10.13,9.7,12.64,15.01,22.49
HARYANA,PANIPAT,12.44,13.77,20.98,15.7,17.33,18.99,17.75,17.47,-
UTTAR PRADESH,HARDOI,6.28,6.51,6.61,9.15,7.26,6.87,8.09,15.44,28.72
WEST BENGAL,PASHCHIM MEDINIPUR,11.26,10.25,10.01,10.11,9.28,9.79,8.33,6.21,-
DAMAN & DIU,DAMAN,5.34,6.03,9.34,7.34,6.57,6.72,5.99,2.17,-
ODISHA,JHARSUGUDA,5.26,5.14,5.13,5.46,5.86,5.43,5.1,2.25,-
BIHAR,SHEIKHPURA,7.1,5.47,4.19,6.47,6.01,6.31,7.68,3.91,-
BIHAR,NAWADA,7.43,5.2,6.14,6.43,5.96,6.51,7.43,4.61,-
PUNJAB,FIROZPUR,7.39,7.89,7.95,7.07,7.79,9.23,9.71,8.69,-
BIHAR,ARWAL,5.17,5,5.23,5.76,5.61,5.34,5.03,2.69,-
HIMACHAL PRADESH,SHIMLA,10.18,9.04,9.4,10.4,9.92,10.11,10.88,7.99,-
DELHI,SOUTH WEST,21.27,22.4,21.01,21.74,23.02,22.69,22.15,19.95,-
MADHYA PRADESH,SINGRAULI,10.96,9.15,9.97,11.41,10.4,10.83,10.3,4.1,-
BIHAR,ARARIA,3.97,3.67,4.23,3.78,3.8,3.6,3.33,2.32,-
BIHAR,PURNIA,4.72,4.33,4.91,4.62,4.25,4.44,3.85,2.6,-
ASSAM,KARIMGANJ,1.53,2.26,2.02,1.77,1.81,0.98,1.6,0.87,-
KARNATAKA,MANDYA,9.61,7.63,5.58,7.9,8.37,6.18,7.43,5.77,-
PUNJAB,LUDHIANA,17.11,16.37,17.07,18.35,20.61,19.35,19.49,20.03,-
RAJASTHAN,BARAN,7.51,6.94,5.69,7.55,7.28,6.49,9.08,3.4,-
HARYANA,PANCHKULA,21.48,22.33,11.95,11.52,8.33,12.75,14.56,8.45,-
RAJASTHAN,DAUSA,25.41,20.82,29.98,27.86,30.93,28.48,29.88,23.96,-
MADHYA PRADESH,SIDHI,10.14,8.09,8.36,9.97,9.65,10.28,9.63,4.11,-
WEST BENGAL,SOUTH 24 PARGANAS,7.07,7.64,7.96,7.99,8.52,9.09,8.72,8.06,-
UTTAR PRADESH,FIROZABAD,8.66,10.84,9.54,15.25,17.9,21.49,26.78,28.47,28.68
ASSAM,NAGAON,3.23,4.31,4.61,5.64,5.62,4.99,4.74,3.4,-
MADHYA PRADESH,BURHANPUR,12.01,12.81,12.22,13.18,11.38,12.87,14.34,3.61,-
TAMILNADU,VILUPPURAM,6.12,7.85,11.57,11.91,10.82,8.17,9.35,4.66,-
MADHYA PRADESH,SATNA,11.42,8.5,9.04,10.18,10.55,11.31,10.49,4.11,-
KERALA,PATHANAMTHITTA,6.41,6.11,6.03,6.14,6.1,6.19,5.58,1.89,-
MADHYA PRADESH,SHAJAPUR,11.39,10.6,11.16,11.46,10.77,11.21,11.44,3.58,-
MADHYA PRADESH,SHEOPUR,13.14,10.31,12.25,11.63,12.34,14.4,12.24,3.55,-
GUJARAT,PATAN,23.25,26.22,49.45,20.32,49.26,62.56,50.71,36.34,-
GUJARAT,TAPI,7.42,6.91,12.43,7.72,7.93,7.9,6.04,3.16,-
KARNATAKA,KOLAR,19,12.64,15.53,4.7,5.36,12.19,16.2,4.93,-
UTTAR PRADESH,SITAPUR,5.55,5.44,5.76,6.31,6.57,6.71,6.59,13.06,33.38
UTTAR PRADESH,SHRAWASTI,4.33,4.51,4.11,4.66,4.57,3.98,4.32,12.78,13.75
RAJASTHAN,CHITTAURGARH,12.14,11.66,10.48,11.44,10.27,11.96,13.99,4.49,-
CHHATTISGARH,DURG,5.43,6.27,6.27,6.81,9.13,7.46,7.76,3.16,-
GUJARAT,SURAT,7.87,6.56,11.62,6.97,6.8,7.06,6.9,3.15,-
ODISHA,BARGARH,4.33,4.43,4.3,4.85,5.08,4.24,4.11,2.81,-
KARNATAKA,RAMANAGARA,12.81,10.74,10.35,7.85,9.27,8.04,9.32,5.37,-
GUJARAT,PORBANDAR,15.89,11.22,10.05,15.35,16.8,14.54,15.92,4.61,-
KARNATAKA,YADGIR,9.74,6.69,6.17,7.83,7.67,7.16,8.47,4.12,-
KARNATAKA,CHIKMAGALUR,9.68,8.31,7.31,8.28,8.77,7.25,8.27,5.65,-
MADHYA PRADESH,SEONI,7.65,7.22,6.98,6.09,7.18,7.76,7.78,4.82,-
TAMILNADU,KARUR,8.77,9.03,15.81,15.67,11.03,6.93,10.37,6.06,-
ARUNACHAL PRADESH,TAWANG,5.1,7.01,7.48,7.66,7.87,7.34,6.41,5.45,-
RAJASTHAN,DHAULPUR,12.34,12.71,14.64,14.61,13.36,16.17,16.24,12.96,-
MADHYA PRADESH,SEHORE,12.63,11.54,11.59,10.9,12.7,12.21,12.75,3.59,-
ODISHA,MAYURBHANJ,8.09,6.54,6.66,6.66,6.93,5.68,4.7,3.29,-
MADHYA PRADESH,UMARIA,7.54,9.14,9.57,12.4,8.44,9.18,8.11,4.09,-
ASSAM,UDALGURI,3.43,4.13,3.14,3.43,3.35,3.13,2.89,3.36,-
ODISHA,KORAPUT,6.5,6.52,6.06,6.82,6.61,6.48,6.37,4.33,-
KARNATAKA,SHIMOGA,11.75,7.63,8.19,9.13,10.19,9.34,9.1,4.8,-
ARUNACHAL PRADESH,LOHIT,4.34,4.01,3.72,3.36,4.07,5.03,4.68,3.48,-
JHARKHAND,LATEHAR,7.82,7.28,7.05,8.5,8.32,7.83,9.74,4.73,-
JAMMU & KASHMIR,J&K District 1,3.46,3.44,2.01,3.27,2.9,3.95,3.68,2.55,-
JHARKHAND,BOKARO,8.08,7.3,6.77,8.02,8.53,7.08,7.54,3.75,-
TELANGANA,NALGONDA,2.46,1.5,10.09,13.6,10.14,9.97,11.05,8.33,-
UTTAR PRADESH,LALITPUR,5.84,4.68,5.47,8.06,5.47,6.23,6.32,30.36,25.87
MEGHALAYA,SOUTH GARO HILLS,3.62,3.95,4.04,3.77,3.96,3.57,4.47,2.69,-
MIZORAM,KOLASIB,-,-,-,-,-,-,-,-,-
KARNATAKA,BANGALORE RURAL,23.51,18.07,17.64,14.28,13.53,19.65,19.34,5.17,-
RAJASTHAN,SAWAI MADHOPUR,11.84,9.96,11.33,13.3,10.08,12.26,12.5,6.09,-
TELANGANA,RANGAREDDY,7.61,6.08,8.24,8.27,11.08,14.32,17.89,14,-
UTTAR PRADESH,MAHAMAYA NAGAR,10.96,10.8,10.46,9.68,11.31,13.95,17.62,19.03,23.77
MEGHALAYA,WEST KHASI HILLS,3.03,4.02,2.73,2.98,2.84,3.11,3.27,1.91,-
CHHATTISGARH,BILASPUR,5.4,7.74,8.88,8.94,9.39,9.05,9.34,3.19,-
TAMILNADU,RAMANATHAPURAM,5.02,6.3,6.15,10.13,6.77,6.81,6.99,10.3,-
MAHARASHTRA,NANDURBAR,10.9,7.47,10.48,9.84,10.22,10.68,11.6,7.88,-
BIHAR,SIWAN,4.57,4.3,4.24,5.43,4.4,5.95,6.26,2.23,-
PUNJAB,SAHIBZADA AJIT SINGH NAGAR,17.03,12.12,15.38,10.12,14.48,23.49,23.02,12.28,-
BIHAR,BHOJPUR,5.32,4.83,5.85,7,6.29,6.77,6.95,3.48,-
MEGHALAYA,EAST GARO HILLS,3.57,3.94,3.38,3.77,4,3.73,4.35,2.74,-
UTTAR PRADESH,BIJNOR,7.79,6.96,7.59,8.61,9.2,8.76,8.47,14.23,18.22
RAJASTHAN,PRATAPGARH,9.03,10.29,5.89,10.43,7.71,8.68,8.14,2.92,-
BIHAR,SARAN (CHHAPRA),5.77,5.06,5.07,6.1,5.38,6.58,7.24,2.61,-
JHARKHAND,SIMDEGA,7.2,5.71,2.95,6.77,6.91,6.27,6.89,2.14,-
JHARKHAND,GUMLA,5.64,5.96,3.52,6.53,6.9,6.69,7.05,2.65,-
MANIPUR,BISHNUPUR,-,-,-,-,-,-,-,-,-
TAMILNADU,MADURAI,7.71,11.67,9.31,11.17,12.35,11.72,11.09,12.35,-
KARNATAKA,BANGALORE,19.26,14.81,15.24,9.14,9.85,11.78,14.1,5.2,-
UTTAR PRADESH,HAMIRPUR,9.84,8.58,9.41,11.78,9.43,10.62,11.26,22.94,19.82
ANDHRA PRADESH,GUNTUR,9.49,6.79,8.69,12.54,10.6,8.98,10.25,9.32,10.06
ANDHRA PRADESH,VISAKHAPATNAM,8.06,7.99,8.18,8.38,9.04,7.35,8.43,8.4,8.32
UTTAR PRADESH,PRATAPGARH,7.21,6.5,7.27,8.57,8.65,7.8,7.62,10.28,11.36
MAHARASHTRA,PARBHANI,12.95,8.56,10.58,14.28,11.42,10.01,13.37,3.68,-
HIMACHAL PRADESH,HAMIRPUR,5.14,4.51,3.88,4.81,5.79,6.19,4.17,3.12,-
MADHYA PRADESH,ASHOKNAGAR,12.11,9.1,9.69,8.03,9.85,9.88,9.03,3.51,-
HARYANA,PALWAL,7.67,7.14,7.65,7.52,7.9,8.37,8.57,8.97,-
SIKKIM,WEST,-,-,-,-,-,-,-,-,-
HARYANA,FARIDABAD,22.76,23.05,16.5,15.09,14.54,21.8,24.03,23.52,-
HARYANA,REWARI,22.2,19.11,17.48,16.35,24.23,22.31,21.96,23.97,-
PUNJAB,TARN TARAN,15.54,15.38,15.91,17,17.37,18.27,18.52,19.18,-
RAJASTHAN,JHALAWAR,11.41,9.07,8.15,9.36,9.12,5.37,8.42,3.67,-
ANDHRA PRADESH,KRISHNA,7.91,6.02,7.92,10.09,10.79,9.74,9.38,10.69,11.24
KARNATAKA,KODAGU,10.1,8.92,8.22,8.78,8.97,8.77,9.25,5.62,-
TAMILNADU,THOOTHUKKUDI,6.15,6.89,7.14,9.91,8.08,5.82,5.03,3.69,-
CHHATTISGARH,JASHPUR,5.27,6.4,8.92,9.59,7.43,7.43,6.86,3.24,-
UTTAR PRADESH,SHAHJAHANPUR,6.04,5.66,6.13,6.91,7.03,6.73,6.62,12.37,23.22
UTTAR PRADESH,KANPUR DEHAT,9.4,9.7,9.78,10.98,9.93,10.7,9.96,26.18,19.28
HARYANA,BHIWANI,10.62,17.17,18.49,18.18,18.42,19.12,17.8,12.48,-
BIHAR,SAMASTIPUR,6.5,6.81,6.2,7.54,5.64,6.08,7.3,4.04,-
TAMILNADU,ERODE,11.64,12.48,9.95,13.23,13.04,10.13,9.56,5.94,-
GUJARAT,VALSAD,7.7,7.59,16.49,7.66,8.87,8.5,7.19,3.1,-
TAMILNADU,DINDIGUL,9.13,11.87,13.29,14.41,11.57,9.87,10.68,8.31,-
ASSAM,SIVASAGAR,3.34,3.92,3.14,3.47,4.08,3.38,2.64,1.58,-
PONDICHERRY,MAHE,3.9,27.28,26.58,23.94,22.6,2.43,25.72,25.39,-
PUNJAB,MUKTSAR,3,3.02,3.4,3.37,3.76,3.79,4.39,4.09,-
GUJARAT,BHAVNAGAR,14.88,20.07,14.11,13.86,13.18,17.94,14.63,6.15,-
ODISHA,SAMBALPUR,5.85,5.43,5.7,6.09,6.09,5.75,5.24,2.52,-
ODISHA,SUBARNAPUR,4.54,4.57,4.78,5.11,5.29,4.72,4.54,2.79,-
BIHAR,GOPALGANJ,3.96,3.51,3.69,4.48,3.95,4.74,5.18,1.61,-
UTTAR PRADESH,UNNAO,5.73,5.65,6.08,8.27,8.09,7.79,11.16,17.73,27.71
HIMACHAL PRADESH,BILASPUR,9.84,8.42,10.47,11.32,7,7.56,10.29,8.89,-
TAMILNADU,PERAMBALUR,9.71,8.31,12.27,11.12,11.14,7.98,10.53,5.24,-
JAMMU & KASHMIR,RAJOURI,-,-,-,-,-,-,-,-,-
KARNATAKA,BIDAR,19.25,8.93,9.99,11.92,9.09,9.56,11.43,3.99,-
MAHARASHTRA,THANE,2.15,4.92,4.94,5.59,5.92,5.58,6.24,8.33,-
ASSAM,BONGAIGAON,4.41,3.99,3.83,4.87,4.43,3.79,3.86,3.63,-
CHHATTISGARH,MAHASAMUND,5.54,7,8.23,7.65,8.96,7.16,6.96,3.39,-
UTTAR PRADESH,MAINPURI,6.11,7.78,5.03,7.08,7.53,9.75,12.24,20.68,15.67
ASSAM,MARIGAON,2.66,3.96,4.14,4.39,4.63,3.6,4.2,3.24,-
UTTARAKHAND,UTTARKASHI,19.43,11.61,15.34,14.72,13.63,15.61,12.82,12.64,-
UTTARAKHAND,CHAMPAWAT,17.01,22.96,18.67,15.63,15.3,11.58,20.04,12.2,-
HIMACHAL PRADESH,SIRMAUR,10.83,10.05,10.49,11.12,11.14,11.45,11.5,8.55,-
UTTAR PRADESH,FARRUKHABAD,11.51,10.79,10.91,12.69,13.18,8.81,16.57,13.53,21.72
PUNJAB,FATEHGARH SAHIB,19.21,19.09,20.06,20.26,23.18,23.9,23.02,22.53,-
TAMILNADU,NAGAPPATTINAM,4.72,4.94,10.36,10.01,5.99,7.41,4.79,3.34,-
PUNJAB,PATIALA,25.03,25.57,26.87,25.81,28.22,30.71,29.73,29.35,-
DELHI,NEW DELHI,14.72,13.42,14.92,12.66,16.71,11.36,10.45,9.37,-
ANDHRA PRADESH,SRI POTTI SRIRAMULU NELLORE,7.86,8.35,9.07,5.98,10.98,9.51,11.95,9.44,10.44
TAMILNADU,NAMAKKAL,11.87,10.97,17.54,16.85,14.93,8.65,10.76,6.25,-
KERALA,ERNAKULAM,5.84,5.34,5.16,5.47,5.52,5.06,4.96,1.72,-
RAJASTHAN,JAISALMER,43.37,42.04,37.92,38.95,35.87,34.84,41.53,39.58,-
ASSAM,CHIRANG,4.05,3.72,3.59,4.46,3.86,3.63,3.75,3.37,-
UTTAR PRADESH,BALRAMPUR,4.13,4.33,4.03,5.03,5.13,4.74,4.67,13.55,15.53
CHHATTISGARH,RAJNANDGAON,5.42,6.16,6.23,6.99,9.07,7.54,7.06,3.19,-
KARNATAKA,CHAMRAJNAGAR,10.8,11.92,9.09,7.57,8.73,9.17,9.45,5.3,-
MADHYA PRADESH,CHHINDWARA,9.5,12.71,11.73,10.04,11.53,11.64,14.35,4.32,-
UTTAR PRADESH,MIRZAPUR,8.32,8.56,6.69,9.87,9.63,8.75,8.91,10.82,12.17
KERALA,KOZHIKODE,5.68,5.55,5.45,5.77,5.82,5.8,5.83,1.89,-
MANIPUR,SENAPATI,-,-,-,-,-,-,-,-,-
GUJARAT,SURENDRANAGAR,7.81,9.46,11.28,8.71,8.14,8.55,8.78,3.81,-
TRIPURA,DHALAI,4.99,4.7,3.71,3.38,4.18,4.52,3.75,3.77,-
UTTAR PRADESH,MATHURA,6.47,5.96,6.09,6.62,6.66,7.69,12.72,18.39,18.73
TRIPURA,SOUTH TRIPURA,3.94,4.68,3.63,3.27,3.01,2.77,3.28,2.37,-
ASSAM,DARRANG,4.31,3.63,3.48,4.17,4.49,3.79,3.67,3.72,-
ODISHA,SUNDARGARH,6.68,6.13,6.12,6.66,7.23,6.37,6.22,2.81,-
ODISHA,KALAHANDI,5.63,5.31,4.78,6.16,6.18,5.2,5.01,2.78,-
MAHARASHTRA,AURANGABAD,13.19,9.83,13.32,13.52,11.74,11.89,12.93,8.3,-
RAJASTHAN,UDAIPUR,8.88,9.77,8.06,9.81,7.65,8.67,8.97,3.94,-
MAHARASHTRA,RAIGARH,4.66,4.2,3.62,4.11,3.88,4.08,4.32,8.08,-
UTTAR PRADESH,RAE BARELI,5.32,5.32,4.45,6.71,6.35,7.07,9.35,10.69,16.05
MADHYA PRADESH,GWALIOR,15.42,11.52,13.17,11.84,12.8,13.66,14.1,3.95,-
ANDAMAN & NICOBAR,NORTH & MIDDLE ANDAMAN,1.31,2.46,2.07,2.7,2.46,1.01,0.9,1.57,-
UTTAR PRADESH,GHAZIPUR,7.2,6.71,6.47,6.76,6.8,6.87,7.01,10.73,11.71
UTTARAKHAND,CHAMOLI,26.79,25.87,22.49,17.01,17.61,29.25,28.98,26.42,-
MADHYA PRADESH,BHIND,14.65,17.55,17.02,16.67,15.51,16.25,14.5,4.02,-
UTTAR PRADESH,BULANDSHAHR,7.59,7.52,7.85,8.7,9,9.74,10.03,17.12,20.11
UTTAR PRADESH,DEORIA,4.57,4.46,4.27,5.54,4.43,5.22,4.8,11.31,9.4
MADHYA PRADESH,MANDLA,6.17,5.57,5.95,5.63,6.11,7,6.25,4.34,-
RAJASTHAN,KOTA,8.72,8.42,6.85,7.89,7.96,6.31,8.01,3.63,-
UTTAR PRADESH,BANDA,8.7,7.28,8.01,9.49,8.22,8.81,8.52,17.66,20.71
ANDAMAN & NICOBAR,SOUTH ANDAMAN,2.04,3.51,2.56,3.44,2.4,1.29,1.88,2.25,-
GUJARAT,DOHAD,7.99,6.62,15.42,9.54,8.4,8.54,8.31,3.51,-
BIHAR,KATIHAR,4.86,4.75,5.49,5.04,4.79,4.77,3.84,2.66,-
UTTAR PRADESH,SANT RAVI DAS NAGAR(BHADOHI),9.64,9.2,7.95,9.85,9.56,6.97,10.17,10.75,11.64
JHARKHAND,PAKUR,8.19,6.75,6.5,8.19,6.96,6.27,6.5,3.13,-
GUJARAT,JUNAGADH,16.36,14.61,10.11,17.03,14.58,15.24,14.38,4.72,-
JHARKHAND,KHUNTI,7.51,6.86,7.68,7.45,8.29,7.79,7.23,2.51,-
ODISHA,KHORDHA,6.16,5.71,5.63,6.41,6.73,5.68,4.81,2.64,-
MADHYA PRADESH,MANDSAUR,15.54,14.74,17.18,16.41,15.63,15.67,14.41,3.58,-
ANDHRA PRADESH,PRAKASAM,12.82,10.79,16.56,19.74,24.31,18.29,21.61,17.69,19.06
ASSAM,LAKHIMPUR,2.93,3.11,3.1,2.86,2.72,2.84,2.86,1.66,-
KERALA,THIRUVANANTHAPURAM,10.59,8.9,8.75,8.86,9.63,9.36,7.79,2.19,-
TAMILNADU,VIRUDUNAGAR,8.3,9.69,7.27,10.66,11.94,9.73,8.33,9.4,-
UTTAR PRADESH,JAUNPUR,6.48,5.91,5.12,7.09,6.01,5.77,6.58,10.68,11.6
BIHAR,LAKHISARAI,7.16,6.32,6.58,8.72,7.39,7.39,7.08,3.99,-
PUNJAB,KAPURTHALA,18.04,14.51,15.04,18.58,19.48,17.67,18.2,19.85,-
RAJASTHAN,RAJSAMAND,10.3,11.94,10.49,12.48,9.3,11.59,12.51,6.12,-
WEST BENGAL,HAORA,7.03,7.25,7.37,6.5,6.35,4.95,5.86,7.02,-
HIMACHAL PRADESH,SOLAN,14.67,10.79,10.92,17.43,13.48,10.8,15.1,11.31,-
BIHAR,SAHARSA,4.02,3.55,3.21,3.58,3.52,3.66,4.19,2.31,-
MAHARASHTRA,NASHIK,9.69,8.41,8.82,10.73,9,9.64,12.35,8.32,-
JAMMU & KASHMIR,SAMBA,-,-,-,-,-,-,-,-,-
MEGHALAYA,JAINTIA HILLS,1.79,3.18,1.81,1.44,1.02,1.57,1.36,1.39,-
CHHATTISGARH,RAIPUR,5.46,7.37,7.09,7.47,7.77,7.06,6.17,3.23,-
CHHATTISGARH,BIJAPUR,5.43,6.71,6.43,7.34,8.8,8.31,5.67,3.6,-
TELANGANA,WARANGAL,3.16,2.63,3.47,10.67,8.76,10.13,12,6.46,-
KARNATAKA,GADAG,14.55,12.52,11.97,13.41,11.55,10.29,11.66,4.08,-
BIHAR,MUZAFFARPUR,5.24,4.85,4.73,5.77,5.37,5.52,6.35,3.15,-
ASSAM,NALBARI,3.04,2.57,2.68,3.55,3.39,2.69,2.69,2.52,-
UTTAR PRADESH,AYODHYA,6.08,5.43,5.74,6.46,6.44,6.32,5.65,11.64,7.03
KERALA,WAYANAD,7.78,7.27,7.04,7.76,8.03,8.08,7.33,1.89,-
NAGALAND,DIMAPUR,7.27,6.98,6.53,7.18,4.25,-,-,-,-
RAJASTHAN,JODHPUR,36.5,28.43,31.26,23.08,23.48,35.37,36.29,33.88,-
HARYANA,MAHENDRAGARH,28.54,25.1,35.79,23.5,28.96,34.12,30.47,44.66,-
NAGALAND,LONGLENG,5.03,8.33,4.09,4.27,2.36,-,-,-,-
WEST BENGAL,KOLKATA,3.53,3.48,3.72,1.45,1.99,3.98,4.05,6.63,-
HIMACHAL PRADESH,KANGRA,6.88,6.35,5.46,6.98,6.56,6.59,5.91,4.38,-
UTTAR PRADESH,GHAZIABAD,10.32,10.15,11.57,12.97,11.8,14.82,14.13,17.13,20.37
MADHYA PRADESH,JABALPUR,9.7,8.52,8.5,7.6,9.93,10.35,8.32,4.45,-
UTTAR PRADESH,ETAH,6.66,7.49,7.33,7.99,8.13,10.01,13.39,19.97,17.73
MAHARASHTRA,KOLHAPUR,5.88,4.64,5.44,6.13,4.96,2.81,6.02,3.51,-
MADHYA PRADESH,SAGAR,11.93,9.28,11.98,13.67,12.99,11.26,10.54,4.57,-
MADHYA PRADESH,HARDA,9.78,8.53,8.86,9.31,9.74,10.23,10.77,3.6,-
GUJARAT,SABAR KANTHA,16.48,16.82,15.24,16.72,16.54,15.82,17.56,8.78,-
RAJASTHAN,BARMER,33.42,29.59,34.39,34.75,35.15,34.95,37.45,34.49,-
UTTAR PRADESH,KANSIRAM NAGAR,6.98,6.87,6.58,7.48,7.81,8.31,9.53,13.67,14.66
BIHAR,PATNA,5.62,6.44,6.61,7.26,6.53,7.51,7.37,3.51,-
Ladakh,Ladakh dist1,-,-,-,-,-,-,-,-,-
ARUNACHAL PRADESH,WEST SIANG,4.83,7.13,7.46,7.01,8.08,8.06,5.04,5.68,-
PUNJAB,GURDASPUR,8.27,7.14,6.61,8.83,8.56,8.8,7.54,7.07,-
MAHARASHTRA,SINDHUDURG,7.49,6.92,7.43,8.2,8.03,6.95,7.8,3.47,-
BIHAR,BEGUSARAI,7.07,6.83,6.59,7.2,6.99,6.66,7.49,3.78,-
BIHAR,KHAGARIA,6.37,6.13,5.58,6.18,6.27,5.87,6.35,2.95,-
DELHI,CENTRAL,8.72,7.62,8.37,8.79,13.51,9.37,7.11,8.13,-
TAMILNADU,THENI,9.6,12.86,8.76,11.12,12.88,11.96,12.53,15.49,-
UTTAR PRADESH,KHERI,5.27,5.43,5.06,5.39,5.16,5.51,4.75,12.68,34.61
JHARKHAND,PASHCHIMI SINGHBHUM,7.09,6.74,6.65,8.27,7.43,6.3,6.22,2.58,-
ASSAM,HAILAKANDI,2.16,2.97,2.21,1.68,1.78,0.88,1.44,0.82,-
RAJASTHAN,BUNDI,8.41,7.1,5.86,7.36,7.35,6.44,8.06,3.34,-
KERALA,MALAPPURAM,8.89,8.09,8.37,9.23,9.49,8.58,8.7,1.88,-
MADHYA PRADESH,DATIA,11.74,8.66,10.17,10.02,11.43,12.87,11.1,3.8,-
UTTAR PRADESH,BUDAUN,9.21,8.89,9.56,12.1,12.28,12.7,12.47,13.08,17.93
NAGALAND,MON,5.09,8.33,4.17,4.1,1.98,-,-,-,-
MADHYA PRADESH,BARWANI,10.32,12.14,10.06,10.23,10.27,9.79,10.31,3.6,-
MAHARASHTRA,GARHCHIROLI,8.57,7.25,8.42,8.1,7.92,8.02,7.65,4.21,-
HIMACHAL PRADESH,KULLU,3.83,3.72,3.3,4.95,5.15,4.97,5.06,3.05,-
MADHYA PRADESH,HOSHANGABAD,8.21,7.7,8.78,9.28,8.69,9.47,9.82,3.69,-
MAHARASHTRA,RATNAGIRI,8.47,8.3,7.89,8.62,9.26,7.63,7.91,4.26,-
UTTAR PRADESH,RAMPUR,7.61,6.52,6.38,7.25,7.07,7.85,6.93,12.8,15.07
ANDHRA PRADESH,SRIKAKULAM,6.07,5.84,6.27,6.35,7.45,5.87,5.38,4.9,5.54
DELHI,NORTH,6.35,5.51,6.14,6.86,9.51,7.21,5.33,5.73,-
TAMILNADU,DHARMAPURI,11.12,13.71,16.95,16.74,11.33,11.03,12.68,6.59,-
KARNATAKA,BELGAUM,10.76,8.99,8.94,9.25,8.89,8.9,8.98,3.32,-
WEST BENGAL,BARDDHAMAN,10.73,10.25,10.56,8.6,9.12,9.3,10.9,6.69,-
KARNATAKA,UDUPI,8.67,8.7,8.36,8.94,8.9,8.86,9.97,4.94,-
PONDICHERRY,YANAM,2.25,2.55,2.03,3.04,4.05,3.38,4,11.73,-
ODISHA,NAYAGARH,5.55,4.59,5.53,5.74,6.27,5.12,4.53,2.02,-
PUNJAB,FARIDKOT,7.87,7.62,7.78,7.02,8.21,8.45,10.65,9.86,-
WEST BENGAL,BIRBHUM,10.84,10.16,10.41,8.13,8,9.59,10.5,5.4,-
TAMILNADU,KANNIYAKUMARI,9.13,6.2,8.82,12.5,8.57,6.8,6.2,5.62,-
ODISHA,GAJAPATI,5.95,5.31,4.68,5.19,5.94,5.3,3.57,2.2,-
TELANGANA,ADILABAD,3.59,8.11,8.13,10.37,8.5,9.38,8.83,6.48,-
RAJASTHAN,CHURU,38.82,39.78,36.5,36.83,35.05,33.53,38.18,35.71,-
BIHAR,MUNGER,6.53,6.59,5.82,7.17,6.84,6.09,7.99,2.95,-
UTTAR PRADESH,BARA BANKI,6.2,6.23,5.51,7.08,6.64,7.12,6.79,12.93,13.77
TAMILNADU,VELLORE,10.05,11.41,16.29,15.22,9.62,8.88,10.71,8.64,-
MADHYA PRADESH,EAST NIMAR,8.49,7.38,7.48,8.6,8.19,8.77,7.97,3.6,-
BIHAR,KAIMUR (BHABUA),7.35,7.75,8.52,8.33,9.27,9.72,9.66,4.2,-
BIHAR,KISHANGANJ,4.34,4.67,4.6,4.62,4.45,4.79,3.56,2.79,-
WEST BENGAL,UTTAR DINAJPUR,4.9,5.07,4.32,5.6,3.93,4.47,4.05,2.15,-
JHARKHAND,LOHARDAGA,7.58,7.01,4.08,7.72,8.08,7.68,8.53,4.27,-
KERALA,KASARAGOD,11.09,10.44,9.68,10.96,10.98,10.38,10.88,1.9,-
NAGALAND,KOHIMA,5.7,8.62,5.13,5.26,2.89,-,-,-,-
ARUNACHAL PRADESH,UPPER SIANG,4.24,7.36,7.54,7.16,7.83,8.24,5.27,5.09,-
RAJASTHAN,SIKAR,46.62,44.26,45.53,46.17,49.31,51.33,50.68,49.55,-
RAJASTHAN,JALOR,17.32,28.23,30.27,29.72,28.99,26.83,24.55,26.69,-
UTTAR PRADESH,MUZAFFARNAGAR,11.78,11.43,12.89,13.85,14.77,14.36,12.4,16.64,20.19
HIMACHAL PRADESH,KINNAUR,9.05,8.39,8.46,10.27,9.18,10.29,9.54,7.28,-
CHHATTISGARH,NARAYANPUR,5.43,6.64,6.45,7.5,9.62,7.21,6.91,3.28,-
MAHARASHTRA,WARDHA,7.76,7.01,8.15,9.57,8.29,8.22,9.08,5.3,-
HARYANA,YAMUNANAGAR,12.43,10.95,13.04,12.79,13.18,13.86,13.53,9.31,-
Ladakh,Leh (ladakh),3.83,3.43,4.43,4.76,4.35,6.53,5.47,-,-
HIMACHAL PRADESH,LAHUL & SPITI,4.94,4.9,4.1,6,5.94,5.91,5.81,3.88,-
ASSAM,CACHAR,4.01,4.36,4.74,3.59,3.41,1.17,2.73,1.34,-
ARUNACHAL PRADESH,TIRAP,6.1,4.49,6.45,5.94,5.61,4.47,6.92,4.89,-
UTTARAKHAND,ALMORA,27.57,27.57,22.17,15.72,16.31,31.83,34.06,29.93,-
UTTARAKHAND,PITHORAGARH,19.87,30.02,19.35,17.98,16.42,27.26,21.97,14.77,-
ODISHA,KANDHAMAL,5.73,5.3,5.46,5.98,6.76,7.64,6.44,5.71,-
ARUNACHAL PRADESH,DIBANG VALLEY,4.08,6.63,6.56,6.36,7.09,7.4,5.3,4.42,-
UTTAR PRADESH,SIDDHARTH NAGAR,4.65,4.28,3.8,4.48,4.79,4.38,4.52,12.49,12.28
BIHAR,MADHEPURA,4.86,4.36,4.26,4.36,4.04,4.28,4.2,2.54,-
KERALA,KOLLAM,8.73,8.41,7.78,9.49,7.9,8,6.75,2.14,-
MAHARASHTRA,MUMBAI,3.19,3.27,4.26,5.52,3.54,4.35,5.13,8.34,-
TAMILNADU,TIRUPPUR,10.59,10.24,9.78,13.04,12.56,9.11,8.31,7,-
NAGALAND,PEREN,6.16,5.7,5.75,6.09,2.74,-,-,-,-
RAJASTHAN,BANSWARA,6.22,7.1,5.91,7.84,7.52,7.33,6.1,2.87,-
ARUNACHAL PRADESH,WEST KAMENG,5.11,6.98,7.46,7.64,7.85,7.3,6.42,5.44,-
PONDICHERRY,PUDUCHERRY,2.96,18.18,17.71,16.67,19.48,2.43,18.54,17.89,-
JHARKHAND,PALAMU,6.7,8.83,6.52,8.28,8.97,8.4,9.61,5.65,-
CHHATTISGARH,DHAMTARI,5.45,6.12,6.68,7.17,6.97,6.98,5.76,3.05,-
MAHARASHTRA,BID,10.22,9.01,9.93,11.28,9.02,9.99,12.98,3.95,-
DELHI,NORTH EAST,6.28,6.15,7.42,8.82,22.44,8.21,7.12,6.88,-
WEST BENGAL,NADIA,6.76,5.81,5.39,5.7,5.82,5.38,5.58,3.79,-
MADHYA PRADESH,BALAGHAT,8.17,7.03,7.47,7.46,7.57,8.05,7.87,4.76,-
ODISHA,DHENKANAL,6.68,5.92,5.96,6.97,6.72,6.54,5.5,3.04,-
PUNJAB,HOSHIARPUR,15.57,14.12,15.44,13.3,16.59,15.54,17.99,11.55,-
MAHARASHTRA,MUMBAI SUBURBAN,1.9,4.8,5.94,7.95,4.12,4.91,5.08,8.34,-
BIHAR,BUXAR,6.04,5.3,6.81,7.31,6.48,8.41,7.27,4.07,-
GUJARAT,ANAND,11.84,9.73,9.25,10.66,11.97,13.09,11.42,8.66,-
MANIPUR,IMPHAL WEST,-,-,-,-,-,-,-,-,-
ODISHA,BAUDA,5.63,4.74,5.45,6.33,6.35,6.24,5.04,2.84,-
TAMILNADU,KANCHEEPURAM,6.45,6.36,10.69,10.76,6.47,5.92,6.94,3.81,-
UTTAR PRADESH,BALLIA,6.16,5.44,6,6.78,5.82,6.37,6.07,10.98,11.68
MAHARASHTRA,JALGAON,12.61,11.23,10.94,13.86,13.14,13.26,15.87,8.29,-
MAHARASHTRA,HINGOLI,8.69,7.91,8.8,11.04,10.29,10.39,11.26,3.62,-
MAHARASHTRA,AKOLA,12.25,11.16,11.24,13.24,14.78,14.89,13.93,8.19,-
TAMILNADU,KRISHNAGIRI,10.82,12.74,14.81,16.06,11.18,9.78,13.66,9.89,-
UTTAR PRADESH,MAU,6.01,5.31,5.93,6.08,6.21,6.24,6.2,10.96,11.32
CHHATTISGARH,KORIYA,5.35,6.58,10.23,9.06,7.46,7.49,8.15,3.21,-
UTTAR PRADESH,BAREILLY,6.28,6.13,6.48,6.87,6.4,6.61,5.99,12.66,16.25
UTTAR PRADESH,PRAYAGRAJ,6.89,6.84,7.59,7.35,7.64,8.39,9,10.62,12.77
TAMILNADU,THIRUVARUR,5.34,4.7,9.33,10.02,5.86,5.35,5.24,2.29,-
CHHATTISGARH,BASTAR,5.44,6.95,6.48,7.67,9.22,6.62,5.92,3.36,-
HARYANA,KARNAL,18.8,18.35,20.84,21.24,22.12,22.43,25.25,23.22,-
MADHYA PRADESH,UJJAIN,15.21,11.51,14.02,15.23,14.43,13.83,14.39,3.59,-
MAHARASHTRA,SANGLI,8.87,7.47,6.8,10.07,7.9,6.02,8.52,3.53,-
KARNATAKA,KOPPAL,12.88,8.22,8.13,8.46,9.21,7.53,9.41,4.24,-
RAJASTHAN,JAIPUR,28.13,29.85,29.29,29.61,33.45,35.64,36.64,34.69,-
CHHATTISGARH,UTTAR BASTAR KANKER,5.44,5.96,6.47,7.28,8.86,6.38,5.97,3.14,-
ASSAM,GOALPARA,4.99,4.5,4.95,5.38,4.97,5.09,4.13,3.39,-
GUJARAT,AHMADABAD,18.8,16.65,17.47,20.09,17.08,19.73,18.59,13.69,-
MANIPUR,THOUBAL,-,-,-,-,-,-,-,-,-
KARNATAKA,GULBARGA,14.04,7.45,7.63,11.41,8.46,7.55,8.96,3.99,-
TELANGANA,MEDAK,7.59,5.38,6.52,19.14,15.31,17.74,21.95,16.8,-
MAHARASHTRA,WASHIM,8.11,6.64,8.25,9.68,11.41,11.34,11.47,4.82,-
UTTARAKHAND,HARDWAR,8.72,9.73,9.57,8.55,8.78,8.87,12.27,12.39,-
CHANDIGARH,CHANDIGARH,23.12,20.82,17.81,15.72,26.4,31.75,21.28,15.02,-
JHARKHAND,GARHWA,7.47,8.08,4.76,7.36,8.6,8.37,8.92,3.74,-
BIHAR,BANKA,6.24,5.08,5.94,5.81,6.77,6.5,6.73,2.32,-
CHHATTISGARH,KORBA,5.36,6.98,11.53,8.17,8.61,8.7,8.72,3.48,-
WEST BENGAL,HUGLI,11.86,11.2,11.61,10.55,10.8,10.89,11.31,6.56,-
TAMILNADU,THE NILGIRIS,5.23,5.96,9.69,13.05,4.83,4.23,5.86,3.7,-
KERALA,PALAKKAD,9.1,8.55,7.44,8.14,10.06,9.55,8.25,1.88,-
JHARKHAND,RANCHI,7.07,6.55,6.69,7.86,8.39,10.08,7.84,2.82,-
ANDAMAN & NICOBAR,NICOBAR,3.99,4.86,4.16,5.43,4.56,2.93,4.4,3.91,-
CHHATTISGARH,RAIGARH,5.22,6.96,9.87,7.97,8.85,8.45,6.71,3.4,-
ANDHRA PRADESH,Y.S.R.,18.82,16.47,22.81,14.42,22.16,16.88,27.62,19.6,22.93
TELANGANA,KARIMNAGAR,3.88,3.36,9.38,12.07,9.18,10.93,11.63,7.05,-
JHARKHAND,HAZARIBAGH,8.86,7.9,5.04,8.33,8.63,8.28,9.01,4.49,-
MADHYA PRADESH,ALIRAJPUR,9.12,8.23,7.77,8.43,7.87,8.5,9.56,3.6,-
KARNATAKA,HAVERI,16.46,11.79,10.43,10.76,12.45,12.81,12.3,4.37,-
ASSAM,DHEMAJI,3.31,3.74,3.37,3.49,3.52,3.74,3.64,2.61,-
KARNATAKA,BIJAPUR,13.79,8.26,7.84,8.35,8.7,7.61,9.19,3.76,-
UTTAR PRADESH,MAHOBA,6.1,4.32,5.28,7.95,5.56,9.01,8,22.89,19.59
ARUNACHAL PRADESH,EAST KAMENG,5.11,6.83,7.39,7.5,7.87,7.33,6.32,5.45,-
MIZORAM,SAIHA,-,-,-,-,-,-,-,-,-
DELHI,NORTH WEST,7.32,6.68,7.65,8.57,8.4,9.73,8.26,8.09,-
RAJASTHAN,BHILWARA,12.58,11.94,10.66,12.44,11.51,13.18,12.6,3.97,-
UTTAR PRADESH,KANNAUJ,9.23,10.77,9.58,11.37,11.7,9.22,14.26,20.42,19.07
MIZORAM,LAWANGTLAI,-,-,-,-,-,-,-,-,-
RAJASTHAN,TONK,8.42,7.94,6.9,8.83,8.43,7.41,12.53,5.91,-
KARNATAKA,CHIKKABALLAPURA,23.41,16.52,21.57,6.12,7.49,19.04,15.61,4.95,-
MADHYA PRADESH,PANNA,9.64,7.99,8.88,8.24,9.84,10.81,10.06,4.11,-
UTTAR PRADESH,KAUSHAMBI,12.83,11.35,11.86,13.18,11.79,10.17,13.9,10.3,14.25
ASSAM,BARPETA,3.82,3.46,3.19,4.63,4.02,3.32,2.99,2.9,-
ARUNACHAL PRADESH,LOWER SUBANSIRI,5.07,6.83,7.44,7.31,8,7.51,5.67,5.49,-
MADHYA PRADESH,KATNI,9.92,8.5,9.72,9.11,10.52,10.79,9.92,4.09,-
ODISHA,BALESHWAR,7.02,5.58,5.48,5.17,4.19,3.66,4.35,1.91,-
TELANGANA,HYDERABAD,4.82,4.73,4.55,3.79,4.37,8.2,10.9,11.13,-
ODISHA,NABARANGAPUR,5.48,5.37,3.92,6.27,6.04,5.67,5.29,2.8,-
GUJARAT,KACHCHH,12.71,15.88,13.63,12.18,12.63,17.92,13.39,9.45,-
KARNATAKA,DAKSHINA KANNADA,8.97,7.8,7.13,8.11,7.94,8.22,9.06,5.41,-
HARYANA,MEWAT,10.69,11.48,9.95,6.96,7.08,10.48,10.56,7.89,-
ARUNACHAL PRADESH,UPPER SUBANSIRI,4.96,6.84,7.49,7.07,8.09,7.78,5.1,5.57,-
HARYANA,KAITHAL,20.55,20.37,25.11,24.71,26.19,26.08,26.92,27.86,-
JHARKHAND,DUMKA,6.99,6.8,6.83,7.27,6.72,6.52,6.75,3.21,-
BIHAR,GAYA,7.49,8.99,5.96,7.6,6.95,6.97,6.83,3.74,-
MANIPUR,CHURACHANDPUR,-,-,-,-,-,-,-,-,-
CHHATTISGARH,DAKSHIN BASTAR DANTEWADA,5.43,6.79,6.44,7.4,9.48,8.19,4.81,3.71,-
BIHAR,PASHCHIM CHAMPARAN,4.45,3.67,3.73,3.78,3.86,4.03,4.55,2.49,-
GUJARAT,JAMNAGAR,13.48,10.69,8.93,13.4,13.31,11.25,11.68,3.09,-
UTTAR PRADESH,KANPUR NAGAR,7.65,8.12,7.81,10.4,8.58,8.7,15.15,25.72,22.14
ARUNACHAL PRADESH,LOWER DIBANG VALLEY,4.05,6.35,6.31,6.12,7.03,7.38,5.3,4.46,-
MADHYA PRADESH,NARSIMHAPUR,10.57,11.09,11.32,8.84,9.22,9.85,9.28,4.71,-
MAHARASHTRA,LATUR,10.86,9.44,12.72,14.87,10.92,11.86,14.76,3.7,-
WEST BENGAL,JALPAIGURI,4.75,4.36,3.8,4.54,4.96,3.48,3.63,2.27,-
PUNJAB,MOGA,22.44,22.05,20.9,23.36,25.07,24.29,25.55,27.82,-
MADHYA PRADESH,GUNA,11.14,9.79,10.15,9.1,9.33,11.43,15.15,3.53,-
ODISHA,DEBAGARH,5.79,5.12,5.97,6.86,7.02,5.91,5.26,2.18,-
ARUNACHAL PRADESH,KURUNG KUMEY,5.05,6.68,7.48,7.1,8.02,7.54,5.25,5.5,-
MADHYA PRADESH,DINDORI,5.92,5.69,5.59,7.06,6.13,6.39,6.24,4.07,-
MADHYA PRADESH,RATLAM,21.43,13.68,19.25,25.84,17.98,17.09,20.27,3.59,-
BIHAR,MADHUBANI,4.21,3.93,3.36,4.31,3.06,3.39,3.9,2.13,-
DELHI,SOUTH,37.26,34.92,35.36,36.15,42.19,37.93,36.19,34.17,-
GUJARAT,KHEDA,13.25,12.21,12.97,12.74,12.82,12.38,13.87,8.11,-
TAMILNADU,ARIYALUR,7.29,5.37,14.14,10.02,8.06,8.07,9.47,3.84,-
ODISHA,KENDUJHAR,7.32,5.92,5.98,6.04,6.24,5.71,4.66,2.94,-
PONDICHERRY,KARAIKAL,4.74,15.23,14.42,2.44,5.11,2.48,2.96,2.03,-
MADHYA PRADESH,DHAR,12.78,11.97,12.57,13.29,12.43,12.37,13.78,3.6,-
KERALA,KANNUR,7.76,8.03,7.92,8.44,8.74,8.01,8.5,1.9,-
TAMILNADU,TIRUNELVELI,7.29,7.65,8.55,11.98,9.81,6.35,5.47,3.67,-
UTTAR PRADESH,SULTANPUR,6.83,6.37,6.19,7.55,7.29,7.49,6.57,10.63,10.99
MIZORAM,AIZAWL,-,-,-,-,-,-,-,-,-
TAMILNADU,CHENNAI,5.76,5.83,11.36,10.5,6.07,6.12,5.38,5.43,-
MAHARASHTRA,AHMADNAGAR,9.9,8.82,9.94,14.3,10.23,9.92,13.57,7.32,-
UTTARAKHAND,GARHWAL,12.85,10.86,10.13,10.95,9.78,19.83,21.68,20.22,-
TRIPURA,WEST TRIPURA,5.77,12.6,6.86,7.06,3.69,6.18,7.96,6.7,-
Ladakh,KARGIL,7.25,6.53,4.9,7.39,4.84,6.65,8.58,3.18,-
HIMACHAL PRADESH,CHAMBA,6.08,5.2,3.73,5.47,4.94,5.47,4.85,3.93,-
BIHAR,ROHTAS,7.15,7.13,7.11,8.3,7.52,8.56,8.2,4.63,-
KERALA,KOTTAYAM,6,4.94,5.09,5.67,5.62,5.09,4.82,1.66,-
JAMMU & KASHMIR,DODA,3.62,2.8,2.66,4.12,3.13,4.99,3.68,1.18,-
ANDHRA PRADESH,CHITTOOR,15.01,16.7,23.37,10.84,21.8,14.44,23.97,21.46,25.57
RAJASTHAN,SIROHI,11.12,14.06,16.06,16.31,16.92,14.15,18.02,15.13,-
UTTAR PRADESH,AURAIYA,7.27,6.62,6.44,7.91,6.79,8.57,7.76,24.77,16.19
BIHAR,AURANGABAD,6.46,6.51,6.56,7.66,6.98,7.1,6.55,3.78,-